Class,Mean,Median,Q1,Q3,Max
Normal,88.29102242231328,22.0,5.65,77.05,25691.16
Fraud,122.21132113821139,9.25,1.0,105.89,2125.87
