Class,Mean,Median,SD
Normal,94838.20225805884,84711.0,47484.01578555078
Fraud,80746.80691056911,75568.5,47835.36513767505
