Variable,Corr_Class,Direction
V17,-0.32648106724371595,Negative
V14,-0.3025436958044028,Negative
V12,-0.26059292487722485,Negative
V10,-0.21688294364103206,Negative
V16,-0.19653894030401736,Negative
V3,-0.19296082706741602,Negative
V7,-0.18725659151430013,Negative
V11,0.15487564474394433,Positive
V4,0.13344748623900718,Positive
V18,-0.11148525388904133,Negative
