pr_auc,brier,threshold,precision,recall,f1,tp,fp,fn,tn,method,seed,route,train_n,train_n_fraud,train_n_normal
0.7392618375541612,0.002983859793120669,0.5,0.3210332103321033,0.8877551020408163,0.4715447154471545,87,184,11,56680,M5,42,数据层,200157,18196,181961
0.72623391839537,0.01092901650889195,0.5,0.11859838274932614,0.8979591836734694,0.20952380952380953,88,654,10,56210,M6,42,数据层,200141,18180,181961
0.7064482921966885,0.0025111170533033754,0.5,0.36936936936936937,0.8367346938775511,0.5125,82,140,16,56724,M5,123,数据层,200157,18196,181961
0.6740718046147072,0.009796005892842866,0.5,0.13539967373572595,0.8469387755102041,0.23347398030942335,83,530,15,56334,M6,123,数据层,200170,18209,181961
0.731403464103788,0.002547670323757919,0.497,0.37777777777777777,0.8673469387755102,0.5263157894736842,85,140,13,56724,M5,456,数据层,200157,18196,181961
0.6831567412088938,0.008493042356149698,0.499,0.16111111111111112,0.8877551020408163,0.2727272727272727,87,453,11,56411,M6,456,数据层,200193,18232,181961
