pr_auc,brier,threshold,precision,recall,f1,tp,fp,fn,tn,method,seed,route
0.7119207645944816,0.02235562105251576,0.5,0.06202090592334495,0.9081632653061225,0.11611219830397912,89,1346,9,55518,M7,42,数据层
0.683261919302712,0.020748443025823682,0.5,0.06171932402645114,0.8571428571428571,0.11514736120630568,84,1277,14,55587,M7,123,数据层
0.6881725521488898,0.022841373189593995,0.5,0.06947697111631537,0.9081632653061225,0.12907904278462654,89,1192,9,55672,M7,456,数据层
