seed,split,n,n_fraud,n_normal,fraud_pct
42,train,182276,315,181961,0.17281485220215498
42,val,45569,79,45490,0.1733634707805745
42,test,56962,98,56864,0.17204452090867595
123,train,182276,315,181961,0.17281485220215498
123,val,45569,79,45490,0.1733634707805745
123,test,56962,98,56864,0.17204452090867595
456,train,182276,315,181961,0.17281485220215498
456,val,45569,79,45490,0.1733634707805745
456,test,56962,98,56864,0.17204452090867595
