Variable,Mean,Median,SD,Min,Q1,Q3,Max
Time,94813.85957508067,84692.0,47488.14595456617,0.0,54201.5,139320.5,172792.0
Amount,88.34961925093134,22.0,250.12010924018855,0.0,5.6,77.16499999999999,25691.16
