Variable,Skewness,IQR,IQR上界_Q3+1.5IQR,超出上界观测数,超出上界占比_%,Mean_Median_Ratio,Max_Q3_倍数
Time,-0.03556761800632167,85119.0,266999.0,0,0.0,1.1195,1.2402
Amount,16.977724453761006,71.565,184.5125,31904,11.202,4.0159,332.938
