pr_auc,brier,threshold,precision,recall,f1,tp,fp,fn,tn,method,seed,route
0.737713280551052,0.0007781101802555093,0.043000000000000003,0.6422764227642277,0.8061224489795918,0.7149321266968326,79,44,19,56820,M0,42,基准
0.7076268902998831,0.0007855180853158945,0.094,0.7391304347826086,0.6938775510204082,0.7157894736842105,68,24,30,56840,M0,123,基准
0.7387493283417024,0.0007061309507752542,0.082,0.7130434782608696,0.8367346938775511,0.7699530516431925,82,33,16,56831,M0,456,基准
